ID,Name,Age,Salary,Department,Joining_Date
1,Name_1,56,38392,HR,2015-01-31
2,Name_2,46,60535,Marketing,2015-02-28
3,Name_3,32,108603,IT,2015-03-31
4,Name_4,25,82256,IT,2015-04-30
5,Name_5,38,119135,IT,2015-05-31
6,Name_6,56,65222,Finance,2015-06-30
7,Name_7,36,107373,Finance,2015-07-31
8,Name_8,40,109575,Marketing,2015-08-31
9,Name_9,28,114651,Marketing,2015-09-30
10,Name_10,28,93335,HR,2015-10-31
11,Name_11,41,40965,HR,2015-11-30
12,Name_12,53,54538,Marketing,2015-12-31
13,Name_13,57,100592,Finance,2016-01-31
14,Name_14,41,38110,IT,2016-02-29
15,Name_15,20,109309,Marketing,2016-03-31
16,Name_16,39,57266,HR,2016-04-30
17,Name_17,19,82992,Finance,2016-05-31
18,Name_18,41,112948,Marketing,2016-06-30
19,Name_19,47,36910,Marketing,2016-07-31
20,Name_20,55,30206,Finance,2016-08-31
21,Name_21,19,117054,Marketing,2016-09-30
22,Name_22,38,117897,Finance,2016-10-31
23,Name_23,50,53419,IT,2016-11-30
24,Name_24,29,80636,Finance,2016-12-31
25,Name_25,39,80015,Finance,2017-01-31
26,Name_26,42,84268,Finance,2017-02-28
27,Name_27,44,117939,Marketing,2017-03-31
28,Name_28,59,48141,Marketing,2017-04-30
29,Name_29,45,110356,Finance,2017-05-31
30,Name_30,33,101910,Marketing,2017-06-30
31,Name_31,32,86044,HR,2017-07-31
32,Name_32,20,97214,HR,2017-08-31
33,Name_33,54,63827,Marketing,2017-09-30
34,Name_34,24,85820,Marketing,2017-10-31
35,Name_35,38,92623,Finance,2017-11-30
36,Name_36,26,111734,IT,2017-12-31
37,Name_37,56,105450,Marketing,2018-01-31
38,Name_38,35,52299,HR,2018-02-28
39,Name_39,21,73585,Finance,2018-03-31
40,Name_40,42,94044,Marketing,2018-04-30
41,Name_41,31,72557,HR,2018-05-31
42,Name_42,26,79080,HR,2018-06-30
43,Name_43,43,32693,IT,2018-07-31
44,Name_44,19,99163,Finance,2018-08-31
45,Name_45,37,55939,Finance,2018-09-30
46,Name_46,45,78925,IT,2018-10-31
47,Name_47,24,72941,IT,2018-11-30
48,Name_48,25,51834,Finance,2018-12-31
49,Name_49,52,48047,Finance,2019-01-31
50,Name_50,31,56105,Marketing,2019-02-28
51,Name_51,34,105766,Marketing,2019-03-31
52,Name_52,53,45707,IT,2019-04-30
53,Name_53,57,51976,Marketing,2019-05-31
54,Name_54,21,74262,HR,2019-06-30
55,Name_55,19,53776,Marketing,2019-07-31
56,Name_56,23,60080,Marketing,2019-08-31
57,Name_57,59,96842,HR,2019-09-30
58,Name_58,21,91373,IT,2019-10-31
59,Name_59,46,36776,HR,2019-11-30
60,Name_60,35,85016,Marketing,2019-12-31
61,Name_61,43,39474,IT,2020-01-31
62,Name_62,51,88053,Marketing,2020-02-29
63,Name_63,27,51959,HR,2020-03-31
64,Name_64,53,35530,HR,2020-04-30
65,Name_65,31,33748,Marketing,2020-05-31
66,Name_66,48,43545,Finance,2020-06-30
67,Name_67,32,96199,Finance,2020-07-31
68,Name_68,25,64766,HR,2020-08-31
69,Name_69,31,103530,HR,2020-09-30
70,Name_70,40,91087,Finance,2020-10-31
71,Name_71,57,98840,Finance,2020-11-30
72,Name_72,38,84384,Marketing,2020-12-31
73,Name_73,33,81005,Marketing,2021-01-31
74,Name_74,35,76576,Finance,2021-02-28
75,Name_75,41,69353,Marketing,2021-03-31
76,Name_76,43,92003,Marketing,2021-04-30
77,Name_77,42,113211,IT,2021-05-31
78,Name_78,58,82733,Marketing,2021-06-30
79,Name_79,46,95318,HR,2021-07-31
80,Name_80,32,119474,Marketing,2021-08-31
81,Name_81,18,53664,Marketing,2021-09-30
82,Name_82,42,97172,Finance,2021-10-31
83,Name_83,24,115616,HR,2021-11-30
84,Name_84,26,56736,Marketing,2021-12-31
85,Name_85,41,30854,Marketing,2022-01-31
86,Name_86,18,68623,IT,2022-02-28
87,Name_87,25,37392,Marketing,2022-03-31
88,Name_88,41,85680,Marketing,2022-04-30
89,Name_89,28,76717,IT,2022-05-31
90,Name_90,34,117092,Finance,2022-06-30
91,Name_91,25,80859,Marketing,2022-07-31
92,Name_92,52,56309,IT,2022-08-31
93,Name_93,52,117455,HR,2022-09-30
94,Name_94,50,93734,Finance,2022-10-31
95,Name_95,22,100467,HR,2022-11-30
96,Name_96,59,82662,HR,2022-12-31
97,Name_97,56,42688,IT,2023-01-31
98,Name_98,58,55342,Marketing,2023-02-28
99,Name_99,45,67157,IT,2023-03-31
100,Name_100,24,97863,IT,2023-04-30
